,146,"Mensagem de comunicação de internação ou alta do beneficiário(comunicacaoInternacao)"
0,147,"Mensagem de resposta à comunicação de internação ou alta do beneficiário(reciboComunicacao)"
1,148,Mensagem de solicitação de cancelamento de guia (cancelaGuia)
2,149,Mensagem de resposta a solicitação de cancelamento da guia (reciboCancelaGuia)
3,150,Mensagem de envio de dados para ANS (envioOperadorasANS)
4,151,Anexo de outras despesas
5,152,Anexo de solicitação de quimioterapia
6,153,Anexo de solicitação de radioterapia
7,154,Anexo de solicitação OPME
8,155,Anexo tratamento odontológico - situação inicial
9,156,Guia de comprovante presencial
10,157,Guia de consulta
11,158,Guia de demonstrativo de análise da conta
12,159,Guia de demonstrativo de pagamento
13,160,Guia de demonstrativo de pagamento - tratamento odontológico
14,161,Guia de honorários
15,162,Guia de recurso de glosa
16,163,Guia de recurso de glosa odontológica
17,164,Guia de resumo de internação
18,165,Guia de serviços profissionais/serviço auxiliar de diagnóstico e terapia
19,166,Guia de solicitação de internação
20,167,Guia de solicitação de prorrogação de internação ou complementação do tratamento
21,168,Guia de tratamento odontológico
