,44,Terminologia de situação inicial do dente
0,45,Terminologia de status da solicitação
1,46,Terminologia de status do cancelamento
2,47,Terminologia de status do protocolo
3,48,Terminologia de técnica utilizada
4,49,Terminologia de tipo de acomodação
5,50,Terminologia de tipo de atendimento
6,51,Terminologia de tipo de atendimento em odontologia
7,52,Terminologia de tipo de consulta
8,53,Terminologia de tipo de demonstrativo
9,54,Terminologia de tipo de guia
10,55,Terminologia de tipo de faturamento
11,56,Terminologia de natureza da guia
12,57,Terminologia de tipo de internação
13,58,Terminologia de tipo de quimioterapia
14,59,Terminologia de unidade da federação
15,60,Terminologia de unidade de medida
16,61,Terminologia de via de acesso
17,62,Terminologia de via de administração
18,63,Terminologia de grupos de procedimentos e itens assistenciais para envio para ANS
19,64,Terminologia de forma de envio de procedimentos e itens assistenciais para ANS
20,65,Terminologia de metástases
21,66,Terminologia de nódulo
22,67,Terminologia de tumor
23,68,Terminologia de categoria de despesa
24,69,Terminologia de versão do componente de comunicação padrão
25,70,Terminologia de forma de envio do padrão
