,71,Terminologia de tipo de atendimento por operadora intermediária
0,72,Terminologia de tipo de identificação de beneficiário
1,73,Terminologia de etapas de autorização
2,74,Terminologia de motivos de ausência do código de validação
3,87,Terminologia de tabelas de domínio
4,100,Legenda da mensagem de verificação de elegibilidade
5,101,Legenda da mensagem de resposta à verificação de elegibilidade
6,102,"Legenda da mensagem de solicitação de autorização para realização deprocedimentos"
7,103,Legenda da mensagem de autorização para realização de procedimentos
8,104,Legenda da mensagem de envio de lote de anexos
9,105,Legenda da mensagem de recebimento de lote de anexos
10,106,Legenda da mensagem de solicitação de status de autorização
11,107,Legenda da mensagem de situação do status de autorização
12,108,Legenda da mensagem de envio de lote de guias para cobrança
13,109,Legenda da mensagem de recebimento de lote de guias de cobrança
14,110,Legenda da mensagem de solicitação de status do protocolo
15,111,Legenda da mensagem de situação do protocolo de cobrança
16,112,Legenda da mensagem de recurso de glosa
17,113,Legenda da mensagem de recebimento do recurso de glosa
18,114,Legenda da mensagem de resposta ao recurso de glosa
19,115,Legenda da mensagem de solicitação de status do recurso de glosa
20,116,Legenda da mensagem de solicitação de demonstrativos de retorno
21,117,Legenda da mensagem de demonstrativos de retorno para o prestador
22,118,Legenda da mensagem de comunicação de internação ou alta do beneficiário
23,119,"Legenda da mensagem de resposta à comunicação de internação ou alta dobeneficiário"
24,120,Legenda da mensagem de solicitação de cancelamento de guia
